id,month,season,hour
1609479354476_69,Jan,winter,0
1609651735872_93,Jan,winter,0
1609617016409_45,Jan,winter,14
1609459367652_63,Dec,winter,19
1609390344906_68,Dec,winter,23
1609710058972_76,Jan,winter,16
1609439428702_8,Dec,winter,13
1609469741738_79,Dec,winter,21
1609475603949_65,Dec,winter,23
1609492067938_86,Jan,winter,4
1609632353756_47,Jan,winter,19
1609464760516_63,Dec,winter,20
1609477297710_89,Jan,winter,0
1609452969462_70,Dec,winter,17
1610123776581_88,Jan,winter,11
1609449037677_96,Dec,winter,16
1609764462248_69,Jan,winter,7
1609464447291_87,Dec,winter,20
1609477215749_39,Jan,winter,0
1609616967590_82,Jan,winter,14
1609388786840_90,Dec,winter,23
1609560582223_94,Jan,winter,23
1609468262317_74,Dec,winter,21
1609903619990_51,Jan,winter,22
1609475360501_41,Dec,winter,23
1610126996485_78,Jan,winter,24
1610124556195_29,Jan,winter,11
1609671170779_59,Jan,winter,5
1609462641169_69,Dec,winter,19
1609820593933_66,Jan,winter,23
1609450796520_31,Dec,winter,16
1609435116107_18,Dec,winter,24
1609390710321_22,Dec,winter,23
1609647620451_45,Jan,winter,23
1609459000469_41,Dec,winter,18
1609387302226_78,Dec,winter,23
1609386023390_84,Dec,winter,22
1609803679655_68,Jan,winter,18
1609642795300_100,Jan,winter,21
1609616979169_63,Jan,winter,14
1609464952375_47,Dec,winter,20
1609384528795_34,Dec,winter,22
1609473554424_85,Dec,winter,22
1609558253746_31,Jan,winter,22
1609465960723_8,Dec,winter,20
1609389779415_79,Dec,winter,23
1610038995353_66,Jan,winter,24
1609387040485_12,Dec,winter,22
1609444355718_83,Dec,winter,14
1609477276882_72,Jan,winter,0
1609450003122_69,Dec,winter,16
1609466407447_60,Dec,winter,21
1609387914452_56,Dec,winter,23
1609474180392_7,Dec,winter,23
1609448365142_54,Dec,winter,15
1609613247263_55,Jan,winter,13
1609411427471_49,Dec,winter,5
1609465094495_28,Dec,winter,20
1609466085108_68,Dec,winter,20
1609419196690_1,Dec,winter,7
1609475301377_51,Dec,winter,23
1609621921230_100,Jan,winter,16
1610124581832_3,Jan,winter,11
1609486077621_2,Jan,winter,2
1609730653289_93,Jan,winter,22
1609505177116_18,Jan,winter,7
1609461794867_59,Dec,winter,19
1609860234216_61,Jan,winter,10
1609908027920_74,Jan,winter,23
1609476342756_25,Dec,winter,23
1609620499512_83,Jan,winter,15
1609560121145_97,Jan,winter,23
1609621169895_60,Jan,winter,15
1609540866270_89,Jan,winter,17
1609456282113_47,Dec,winter,18
1609389075111_79,Dec,winter,23
1609992104235_80,Jan,winter,23
1609437519898_63,Dec,winter,13
1610132902298_41,Jan,winter,14
1609852221401_88,Jan,winter,8
1609646005980_94,Jan,winter,22
1609451186448_19,Dec,winter,16
1609647536321_72,Jan,winter,23
1609489496465_71,Jan,winter,3
1609536310477_38,Jan,winter,16
1609618096708_88,Jan,winter,15
1609453986750_3,Dec,winter,17
1609603239879_51,Jan,winter,11
1610124959540_19,Jan,winter,11
1609542539820_95,Jan,winter,18
1609865085597_88,Jan,winter,11
1609388670797_44,Dec,winter,23
1609442894795_53,Dec,winter,14
1609715454713_7,Jan,winter,18
1609507924716_54,Jan,winter,8
1609602738675_24,Jan,winter,10
1609467157609_81,Dec,winter,21
1609610854742_4,Jan,winter,13
1609462638330_58,Dec,winter,19
1609472723862_80,Dec,winter,22
1609466634438_29,Dec,winter,21
1610039441763_18,Jan,winter,24
1609387412824_75,Dec,winter,23
1610072607847_37,Jan,winter,21
1609790353169_64,Jan,winter,14
1609434466157_76,Dec,winter,24
1609463882751_4,Dec,winter,20
1609464584507_38,Dec,winter,20
1609468941252_68,Dec,winter,21
1609476377800_78,Dec,winter,23
1609392933678_73,Dec,winter,0
1609476511369_58,Dec,winter,23
1609865290732_81,Jan,winter,11
1609623763402_60,Jan,winter,16
1609610957263_100,Jan,winter,13
1610091237906_98,Jan,winter,2
1609502045596_79,Jan,winter,6
1609993683287_53,Jan,winter,23
1609469002471_18,Dec,winter,21
1609472285338_25,Dec,winter,22
1609462404511_77,Dec,winter,19
1609643200224_67,Jan,winter,22
1609623944906_100,Jan,winter,16
1609462414828_96,Dec,winter,19
1609387346472_91,Dec,winter,23
1609476620742_1,Dec,winter,23
1609598811818_52,Jan,winter,9
1609470158887_19,Dec,winter,22
1609498931747_43,Jan,winter,6
1609563558510_41,Jan,winter,23
1609465605554_23,Dec,winter,20
1609849339788_23,Jan,winter,7
1609484473525_79,Jan,winter,2
1609464163384_59,Dec,winter,20
1609469678440_74,Dec,winter,21
1609389794423_65,Dec,winter,23
1609464924117_90,Dec,winter,20
1609465405882_30,Dec,winter,20
1610117898597_84,Jan,winter,9
1609656409552_7,Jan,winter,1
1609615521267_43,Jan,winter,14
1609632251951_56,Jan,winter,19
1609471974536_64,Dec,winter,22
1609558004616_77,Jan,winter,22
1609917173356_16,Jan,winter,2
1609443023850_54,Dec,winter,14
1609493664182_18,Jan,winter,4
1609390577724_7,Dec,winter,23
1609876268558_14,Jan,winter,14
1609537543605_60,Jan,winter,17
1609472668399_11,Dec,winter,22
1609498808762_85,Jan,winter,6
1609430656812_30,Dec,winter,11
1609733949717_72,Jan,winter,23
1609386513462_74,Dec,winter,22
1609478461117_50,Jan,winter,0
1609476394205_14,Dec,winter,23
1609528777242_45,Jan,winter,14
1609476695665_96,Dec,winter,23
1610034257152_60,Jan,winter,10
1609463828275_4,Dec,winter,20
1609477334832_76,Jan,winter,0
1609607713268_42,Jan,winter,24
1609420888821_17,Dec,winter,8
1609461832142_14,Dec,winter,19
1609785720466_11,Jan,winter,13
1609466773393_89,Dec,winter,21
1609909214719_65,Jan,winter,0
1609467206458_43,Dec,winter,21
1609452855922_91,Dec,winter,17
1609485832875_98,Jan,winter,2
1609526255615_64,Jan,winter,13
1609469237789_73,Dec,winter,21
1609456387601_54,Dec,winter,18
1609487437745_57,Jan,winter,2
1609474789169_39,Dec,winter,23
1609477386563_36,Jan,winter,0
1609475322120_91,Dec,winter,23
1609466546636_74,Dec,winter,21
1609477600818_53,Jan,winter,0
1609618070245_77,Jan,winter,15
1609449478560_82,Dec,winter,16
1609480633389_74,Jan,winter,0
1609464996960_81,Dec,winter,20
1609465336372_29,Dec,winter,20
1609491709410_14,Jan,winter,4
1609393341245_66,Dec,winter,0
1609464871336_86,Dec,winter,20
1609596342418_99,Jan,winter,9
1609460515465_80,Dec,winter,19
1609856359230_38,Jan,winter,9
1609913080834_22,Jan,winter,1
1609469231414_38,Dec,winter,21
1609438599646_96,Dec,winter,13
1609621216952_54,Jan,winter,16
1609647812841_97,Jan,winter,23
1609511734665_62,Jan,winter,9
1609488599504_32,Jan,winter,3
1609470182664_21,Dec,winter,22
1609618149143_35,Jan,winter,15
1609461189955_99,Dec,winter,19
1609454931473_75,Dec,winter,17
1609391143612_94,Dec,winter,0
1609437896796_18,Dec,winter,13
1609470852639_41,Dec,winter,22
1609477577881_48,Jan,winter,0
1609773761465_34,Jan,winter,10
1609435100715_52,Dec,winter,24
1609390496684_83,Dec,winter,23
1609470506603_80,Dec,winter,22
1609442988487_19,Dec,winter,14
1609386518160_37,Dec,winter,22
1609431158182_17,Dec,winter,11
1609916052219_69,Jan,winter,1
1609464828634_71,Dec,winter,20
1609557961291_40,Jan,winter,22
1609566840648_1,Jan,winter,0
1609463185136_56,Dec,winter,20
1609908566665_20,Jan,winter,23
1609695944176_76,Jan,winter,24
1609471967851_91,Dec,winter,22
1609409892654_30,Dec,winter,5
1609469245608_43,Dec,winter,21
1609392873117_15,Dec,winter,0
1609385469276_42,Dec,winter,22
1609468966995_54,Dec,winter,21
1610043005538_86,Jan,winter,13
1609650681574_82,Jan,winter,0
1609472828714_42,Dec,winter,22
1609474250847_71,Dec,winter,23
1609467548725_5,Dec,winter,21
1610056172182_30,Jan,winter,16
1609785758949_75,Jan,winter,13
1609465617563_84,Dec,winter,20
1609463192281_40,Dec,winter,20
1609469265819_5,Dec,winter,21
1609615687518_17,Jan,winter,14
1609695597460_33,Jan,winter,24
1609466073226_78,Dec,winter,20
1609472980682_53,Dec,winter,22
1609498919810_56,Jan,winter,6
1609420567828_2,Dec,winter,8
1609494594361_43,Jan,winter,4
1609471312885_42,Dec,winter,22
1610038868888_88,Jan,winter,24
1609434214456_4,Dec,winter,24
1609384599513_13,Dec,winter,22
1609478621478_45,Jan,winter,0
1609385622244_29,Dec,winter,22
1609470184630_9,Dec,winter,22
1609461185815_59,Dec,winter,19
1609464338266_3,Dec,winter,20
1609477317676_39,Jan,winter,0
1609558234894_34,Jan,winter,22
1609491966411_89,Jan,winter,4
1609516726606_2,Jan,winter,10
1609616995261_97,Jan,winter,14
1609464039421_27,Dec,winter,20
1609440222156_100,Dec,winter,13
1609425526905_98,Dec,winter,9
1609561300552_75,Jan,winter,23
1609647677246_17,Jan,winter,23
1609623497360_22,Jan,winter,16
1609470240181_35,Dec,winter,22
1609464710758_57,Dec,winter,20
1609477401664_94,Jan,winter,0
1609593340110_48,Jan,winter,8
1609556076171_77,Jan,winter,21
1609454873584_58,Dec,winter,17
1609461091404_35,Dec,winter,19
1609440887885_64,Dec,winter,13
1609386725812_68,Dec,winter,22
1609434224389_9,Dec,winter,24
1609510816877_47,Jan,winter,9
1609734076777_25,Jan,winter,23
1609469063894_25,Dec,winter,21
1609468639691_71,Dec,winter,21
1609597972953_26,Jan,winter,9
1609464930218_65,Dec,winter,20
1609390728465_60,Dec,winter,23
1609515786252_93,Jan,winter,10
1609472924699_25,Dec,winter,22
1610038840597_94,Jan,winter,24
1609567430250_51,Jan,winter,1
1609430920501_93,Dec,winter,11
1609385742836_92,Dec,winter,22
1609464541854_36,Dec,winter,20
1609459322494_10,Dec,winter,19
1609477564222_63,Jan,winter,0
1609597072305_10,Jan,winter,9
1609470257873_16,Dec,winter,22
1609762099810_51,Jan,winter,7
1609856332343_33,Jan,winter,9
1609487906151_82,Jan,winter,2
1609434419810_90,Dec,winter,24
1609696389745_51,Jan,winter,24
1609437013388_57,Dec,winter,24
1609915930850_66,Jan,winter,1
1609464131666_34,Dec,winter,20
1609427885467_61,Dec,winter,10
1609435759261_12,Dec,winter,24
1609476406517_5,Dec,winter,23
1609506428649_1,Jan,winter,8
1609948224609_58,Jan,winter,10
1609387084323_88,Dec,winter,22
1609465205591_67,Dec,winter,20
1609455001364_32,Dec,winter,17
1609503818325_3,Jan,winter,7
1609755523984_11,Jan,winter,5
1609912569178_46,Jan,winter,0
1609924177358_41,Jan,winter,4
1609618769144_30,Jan,winter,15
1609389717624_1,Dec,winter,23
1610072890570_14,Jan,winter,21
1609508357804_40,Jan,winter,8
1609444354725_34,Dec,winter,14
1609686643653_25,Jan,winter,10
1609464873929_28,Dec,winter,20
1609464824699_22,Dec,winter,20
1609636242894_32,Jan,winter,20
1609411795493_56,Dec,winter,5
1609617007213_52,Jan,winter,14
1609464855589_67,Dec,winter,20
1609407641590_17,Dec,winter,4
1609599009127_75,Jan,winter,9
1610125240625_3,Jan,winter,24
1609509905724_64,Jan,winter,9
1609502942163_87,Jan,winter,7
1609476734166_67,Dec,winter,23
1609465715928_94,Dec,winter,20
1609541254876_15,Jan,winter,17
1610048739748_74,Jan,winter,14
1610120652472_36,Jan,winter,10
1609522573829_27,Jan,winter,24
1609615666951_68,Jan,winter,14
1609948325877_31,Jan,winter,10
1609459277118_70,Dec,winter,19
1609411766728_68,Dec,winter,5
1609471479594_30,Dec,winter,22
1609475481834_16,Dec,winter,23
1609445370185_85,Dec,winter,15
1609447096154_53,Dec,winter,15
1609505191396_71,Jan,winter,7
1609472617140_29,Dec,winter,22
1610060703972_95,Jan,winter,18
1610077195371_46,Jan,winter,22
1609941503943_51,Jan,winter,8
1609465794380_27,Dec,winter,20
1609906461133_50,Jan,winter,23
1609997096860_60,Jan,winter,0
1609815601774_46,Jan,winter,22
1609651636747_22,Jan,winter,0
1609390433948_38,Dec,winter,23
1609430705202_84,Dec,winter,11
1609498785521_80,Jan,winter,5
1609610718267_16,Jan,winter,13
1609790987889_2,Jan,winter,15
1609896759664_5,Jan,winter,20
1610117985272_8,Jan,winter,9
1609500159967_48,Jan,winter,6
1609691065562_23,Jan,winter,11
1609682802558_53,Jan,winter,9
1609854706855_74,Jan,winter,8
1609434730725_14,Dec,winter,24
1609465176431_21,Dec,winter,20
1609468372845_67,Dec,winter,21
1610049413340_44,Jan,winter,14
1610067709998_92,Jan,winter,20
1609497521171_89,Jan,winter,5
1609623819344_20,Jan,winter,16
1609561269693_62,Jan,winter,23
1609450426392_55,Dec,winter,16
1609464733168_31,Dec,winter,20
1609452024164_44,Dec,winter,17
1609933708753_5,Jan,winter,6
1609386005176_26,Dec,winter,22
1610067214417_25,Jan,winter,19
1609472827347_45,Dec,winter,22
1609459727825_53,Dec,winter,19
1609459635574_39,Dec,winter,19
1609872564379_56,Jan,winter,13
1609797215237_87,Jan,winter,16
1609468445658_60,Dec,winter,21
1609567158954_39,Jan,winter,0
1610049290791_46,Jan,winter,14
1609465063528_38,Dec,winter,20
1610124940276_72,Jan,winter,11
1609470443947_64,Dec,winter,22
1609497584839_98,Jan,winter,5
1609465157537_78,Dec,winter,20
1609426386473_76,Dec,winter,9
1609644342922_58,Jan,winter,22
1609451902723_51,Dec,winter,16
1609521406232_53,Jan,winter,24
1609389647592_57,Dec,winter,23
1609648522107_45,Jan,winter,23
1609477243851_63,Jan,winter,0
1609601008453_47,Jan,winter,10
1609468949211_4,Dec,winter,21
1609456632396_97,Dec,winter,18
1609466250216_5,Dec,winter,20
1609542701448_70,Jan,winter,18
1610065024182_28,Jan,winter,19
1609393269781_45,Dec,winter,0
1609554042633_80,Jan,winter,21
1609460575824_76,Dec,winter,19
1609385940856_36,Dec,winter,22
1609478179104_36,Jan,winter,0
1609460168615_91,Dec,winter,19
1609445421340_88,Dec,winter,15
1609476669880_20,Dec,winter,23
1609459040496_86,Dec,winter,18
1609580161763_3,Jan,winter,4
1609561412531_65,Jan,winter,23
1609432924396_51,Dec,winter,11
1609644143598_36,Jan,winter,22
1609470171392_65,Dec,winter,22
1609469142132_56,Dec,winter,21
1609459190438_41,Dec,winter,19
1609477599463_19,Jan,winter,0
1609469572806_48,Dec,winter,21
1609948179918_17,Jan,winter,10
1610072559904_20,Jan,winter,21
1609476444985_32,Dec,winter,23
1609605877830_3,Jan,winter,11
1609395604578_11,Dec,winter,1
1609477436455_43,Jan,winter,0
1609408374723_55,Dec,winter,4
1609529016727_89,Jan,winter,14
1609453825220_95,Dec,winter,17
1609472026335_54,Dec,winter,22
1609682773389_86,Jan,winter,9
1609997236911_63,Jan,winter,0
1609434684716_87,Dec,winter,24
1609464780830_10,Dec,winter,20
1609386293943_12,Dec,winter,22
1609695735102_20,Jan,winter,24
1609469058541_52,Dec,winter,21
1609469289482_5,Dec,winter,21
1610123988204_12,Jan,winter,11
1609433958325_51,Dec,winter,11
1609469272523_35,Dec,winter,21
1609636356951_12,Jan,winter,20
1609457570610_52,Dec,winter,18
1609450871477_47,Dec,winter,16
1610124062327_69,Jan,winter,11
1609462423386_46,Dec,winter,19
1609607645241_85,Jan,winter,24
1609385786131_58,Dec,winter,22
1609464931654_25,Dec,winter,20
1609416397627_32,Dec,winter,7
1609458620741_78,Dec,winter,18
1609479494395_25,Jan,winter,0
1609478296904_8,Jan,winter,0
1609533896369_28,Jan,winter,15
1609470125534_9,Dec,winter,22
1609510627312_95,Jan,winter,9
1609593916100_92,Jan,winter,8
1610128141375_46,Jan,winter,24
1609403015178_71,Dec,winter,3
1609472828854_68,Dec,winter,22
1609478934945_99,Jan,winter,0
1609465745596_65,Dec,winter,20
1609387983233_98,Dec,winter,23
1609651209499_68,Jan,winter,0
1609434185401_37,Dec,winter,24
1609470785808_79,Dec,winter,22
1609463278443_3,Dec,winter,20
1610125402471_59,Jan,winter,24
1609791685189_70,Jan,winter,15
1609460003277_65,Dec,winter,19
1609454312692_41,Dec,winter,17
1609464548480_86,Dec,winter,20
1609598731294_36,Jan,winter,9
1609432866949_9,Dec,winter,11
1609670146867_33,Jan,winter,5
1609477273788_39,Jan,winter,0
1609477085483_39,Dec,winter,23
1609398830194_4,Dec,winter,2
1609387608534_65,Dec,winter,23
1609436853960_13,Dec,winter,24
1610043041698_7,Jan,winter,13
1609454079346_28,Dec,winter,17
1609600573802_37,Jan,winter,10
1609463061316_92,Dec,winter,20
1609646817380_34,Jan,winter,23
1610047717344_16,Jan,winter,14
1609423772568_65,Dec,winter,9
1609454330966_8,Dec,winter,17
1609404647861_66,Dec,winter,3
1609877786204_45,Jan,winter,15
1609478261580_56,Jan,winter,0
1609459634210_98,Dec,winter,19
1609458669179_86,Dec,winter,18
1609881458865_65,Jan,winter,16
1609460527496_71,Dec,winter,19
1609649016495_81,Jan,winter,23
1609467455889_61,Dec,winter,21
1609822737623_18,Jan,winter,23
1609390479750_13,Dec,winter,23
1609477206158_30,Jan,winter,0
1609464765557_31,Dec,winter,20
1609645693966_63,Jan,winter,22
1609460574687_82,Dec,winter,19
1610128018905_68,Jan,winter,24
1609467355841_70,Dec,winter,21
1609465924408_94,Dec,winter,20
1609474814147_66,Dec,winter,23
1609468647299_36,Dec,winter,21
1609597087603_11,Jan,winter,9
1609468660677_62,Dec,winter,21
1609457738315_51,Dec,winter,18
1609477263789_28,Jan,winter,0
1609423581335_20,Dec,winter,9
1609623964241_21,Jan,winter,16
1609386299386_2,Dec,winter,22
1609474873825_31,Dec,winter,23
1609467972704_15,Dec,winter,21
1609612826900_46,Jan,winter,13
1609687618672_74,Jan,winter,10
1609554088772_20,Jan,winter,21
1609485805223_56,Jan,winter,2
1609542633335_34,Jan,winter,18
1609456245285_55,Dec,winter,18
1609469307166_26,Dec,winter,21
1609689888691_8,Jan,winter,11
1609473870227_62,Dec,winter,23
1609477464238_87,Jan,winter,0
1609469070337_22,Dec,winter,21
1609996079302_2,Jan,winter,0
1609550138506_86,Jan,winter,20
1609492101137_59,Jan,winter,4
1609388724615_64,Dec,winter,23
1609475459161_23,Dec,winter,23
1609434470634_32,Dec,winter,24
1609464896974_4,Dec,winter,20
1609431992331_17,Dec,winter,11
1609476133923_63,Dec,winter,23
1609462573574_47,Dec,winter,19
1609465932618_84,Dec,winter,20
1609460398864_31,Dec,winter,19
1609626358958_17,Jan,winter,17
1609791788754_3,Jan,winter,15
1609887856495_76,Jan,winter,18
1609484476985_36,Jan,winter,2
1609388235203_43,Dec,winter,23
1609643851140_72,Jan,winter,22
1609499274769_22,Jan,winter,6
1609462394549_71,Dec,winter,19
1609432772513_24,Dec,winter,11
1609453793308_6,Dec,winter,17
1609389513746_11,Dec,winter,23
1609390473801_35,Dec,winter,23
1609409723625_100,Dec,winter,5
1609384631660_18,Dec,winter,22
1609471151595_85,Dec,winter,22
1609994633846_42,Jan,winter,23
1609388188581_57,Dec,winter,23
1609888951428_78,Jan,winter,18
1609469972104_26,Dec,winter,22
1610128980372_75,Jan,winter,13
1609556027723_26,Jan,winter,21
1609748177215_54,Jan,winter,3
1609465344901_10,Dec,winter,20
1609392451863_77,Dec,winter,0
1609462994707_64,Dec,winter,20
1609476188354_1,Dec,winter,23
1609472046244_35,Dec,winter,22
1609866986456_55,Jan,winter,24
1609419626549_81,Dec,winter,8
1609472274548_59,Dec,winter,22
1609476288722_25,Dec,winter,23
1609458761353_41,Dec,winter,18
1609471843119_35,Dec,winter,22
1609462287404_21,Dec,winter,19
1609450884463_71,Dec,winter,16
1609526271865_95,Jan,winter,13
1609477141692_91,Dec,winter,23
1609491981416_82,Jan,winter,4
1609433463186_2,Dec,winter,11
1609448387537_33,Dec,winter,15
1609603109528_80,Jan,winter,10
1609438529147_30,Dec,winter,13
1609755549830_19,Jan,winter,5
1610117985884_92,Jan,winter,9
1609650920741_39,Jan,winter,0
1609457279140_91,Dec,winter,18
1609580710578_10,Jan,winter,4
1609498410374_34,Jan,winter,5
1609461804130_84,Dec,winter,19
1609476804512_51,Dec,winter,23
1609476146788_39,Dec,winter,23
1609465022566_44,Dec,winter,20
1609443058909_60,Dec,winter,14
1609451888891_38,Dec,winter,16
1609386487439_4,Dec,winter,22
1609465630313_63,Dec,winter,20
1609476498388_48,Dec,winter,23
1609435702731_25,Dec,winter,24
1609528784294_10,Jan,winter,14
1609470056393_62,Dec,winter,22
1609473829897_72,Dec,winter,23
1609521541719_94,Jan,winter,24
1609466254630_16,Dec,winter,20
1609620572342_88,Jan,winter,15
1609428546958_82,Dec,winter,10
1609431332470_8,Dec,winter,11
1610062973342_46,Jan,winter,18
1609464851728_51,Dec,winter,20
1610064820177_48,Jan,winter,19
1609464948412_79,Dec,winter,20
1609469351805_76,Dec,winter,21
1609463129359_37,Dec,winter,20
1609412236335_79,Dec,winter,5
1609468382531_59,Dec,winter,21
1609617989479_96,Jan,winter,15
1609389412633_61,Dec,winter,23
1609414696440_24,Dec,winter,6
1609734645263_50,Jan,winter,23
1609973698187_41,Jan,winter,17
1609651250910_23,Jan,winter,0
1609387096505_64,Dec,winter,22
1609527224216_59,Jan,winter,13
1609621341690_88,Jan,winter,16
1609450378219_16,Dec,winter,16
1609476882520_58,Dec,winter,23
1609456198906_83,Dec,winter,18
1609476500672_91,Dec,winter,23
1609463603789_8,Dec,winter,20
1609447975101_72,Dec,winter,15
1609460565718_49,Dec,winter,19
1609471129921_38,Dec,winter,22
1609461372894_62,Dec,winter,19
1609388851741_24,Dec,winter,23
1609597557188_97,Jan,winter,9
1609554101232_49,Jan,winter,21
1609574594113_30,Jan,winter,3
1609426066627_53,Dec,winter,9
1609477569724_100,Jan,winter,0
1609389395697_56,Dec,winter,23
1610064763775_28,Jan,winter,19
1609434204845_24,Dec,winter,24
1609472014816_70,Dec,winter,22
1610039414893_61,Jan,winter,24
1609498007828_30,Jan,winter,5
1610027317836_15,Jan,winter,8
1609475328149_21,Dec,winter,23
1609463214984_81,Dec,winter,20
1609477126297_70,Dec,winter,23
1609471655238_95,Dec,winter,22
1609855023670_43,Jan,winter,8
1609477450709_7,Jan,winter,0
1609464421652_93,Dec,winter,20
1609854099429_6,Jan,winter,8
1609444174403_35,Dec,winter,14
1609387185309_77,Dec,winter,22
1609454125957_96,Dec,winter,17
1609724350354_68,Jan,winter,20
1609438450102_28,Dec,winter,13
1609434513823_44,Dec,winter,24
1610125702126_5,Jan,winter,24
1609553384529_42,Jan,winter,21
1609384627763_97,Dec,winter,22
1609474691134_78,Dec,winter,23
1609641279351_5,Jan,winter,21
1609456161132_52,Dec,winter,18
1609436714351_93,Dec,winter,24
1609493731560_60,Jan,winter,4
1609643613430_22,Jan,winter,22
1609467503913_36,Dec,winter,21
1609476184105_44,Dec,winter,23
1609394516193_80,Dec,winter,1
1610123587773_42,Jan,winter,11
1609471009831_90,Dec,winter,22
1609454061565_35,Dec,winter,17
1609797748421_77,Jan,winter,17
1609387745530_19,Dec,winter,23
1609441098459_18,Dec,winter,13
1609469800384_60,Dec,winter,21
1609534836963_40,Jan,winter,16
1609574761971_9,Jan,winter,3
1609470317959_58,Dec,winter,22
1609611908905_46,Jan,winter,13
1609470547417_57,Dec,winter,22
1609434499214_48,Dec,winter,24
1609477270154_98,Jan,winter,0
1609462157971_58,Dec,winter,19
1609567015176_16,Jan,winter,0
1610056908857_39,Jan,winter,17
1609623474777_88,Jan,winter,16
1609629142649_49,Jan,winter,18
1609456408734_60,Dec,winter,18
1609623607703_21,Jan,winter,16
1609481895265_41,Jan,winter,1
1609454125957_72,Dec,winter,17
1610124503173_6,Jan,winter,11
1609388877287_30,Dec,winter,23
1609459663633_12,Dec,winter,19
1609460313634_18,Dec,winter,19
1609394305323_5,Dec,winter,0
1609623916831_43,Jan,winter,16
1609475036737_27,Dec,winter,23
1609454079346_44,Dec,winter,17
1609473145722_76,Dec,winter,22
1609660500288_41,Jan,winter,2
1609403164351_33,Dec,winter,3
1609477462113_87,Jan,winter,0
1609415837261_25,Dec,winter,6
1609455757734_16,Dec,winter,18
1609442928444_56,Dec,winter,14
1609427813990_23,Dec,winter,10
1609470259706_72,Dec,winter,22
1609449076154_6,Dec,winter,16
1609465647107_30,Dec,winter,20
1609386970164_20,Dec,winter,22
1609996865435_85,Jan,winter,0
1609499154918_95,Jan,winter,6
1609396920480_33,Dec,winter,1
1609462823244_93,Dec,winter,20
1609388542787_61,Dec,winter,23
1609615671698_10,Jan,winter,14
1609797657302_71,Jan,winter,17
1609472318890_3,Dec,winter,22
1609460015805_60,Dec,winter,19
1609973283795_13,Jan,winter,17
1609625504195_80,Jan,winter,17
1609461147451_77,Dec,winter,19
1609695714253_42,Jan,winter,24
1609386007669_54,Dec,winter,22
1609386652147_93,Dec,winter,22
1609476467795_2,Dec,winter,23
1609390408197_1,Dec,winter,23
1609437866467_50,Dec,winter,13
1609718774776_97,Jan,winter,19
1609464684782_86,Dec,winter,20
1609464802241_4,Dec,winter,20
1609464893226_59,Dec,winter,20
1609444364701_35,Dec,winter,14
1609536571311_68,Jan,winter,16
1609473613531_64,Dec,winter,23
1609566577210_80,Jan,winter,0
1609934791260_66,Jan,winter,7
1609641603943_62,Jan,winter,21
1609463566225_87,Dec,winter,20
1609896309977_98,Jan,winter,20
1609468807680_56,Dec,winter,21
1609645572708_37,Jan,winter,22
1609472585652_62,Dec,winter,22
1609457026106_34,Dec,winter,18
1609657208561_93,Jan,winter,2
1609725080663_2,Jan,winter,20
1610117800851_73,Jan,winter,9
1609458765368_79,Dec,winter,18
1609463952807_16,Dec,winter,20
1609472037786_4,Dec,winter,22
1609804360499_2,Jan,winter,18
1610123514490_87,Jan,winter,11
1609612017665_6,Jan,winter,13
1609450854115_59,Dec,winter,16
1609472561570_3,Dec,winter,22
1609401965368_40,Dec,winter,3
1609590480434_42,Jan,winter,7
1609536353863_38,Jan,winter,16
1610105687586_54,Jan,winter,6
1609466855719_2,Dec,winter,21
1609468782427_5,Dec,winter,21
1609644678592_25,Jan,winter,22
1609648563380_73,Jan,winter,23
1609471963385_68,Dec,winter,22
1609470132796_49,Dec,winter,22
1609486348455_33,Jan,winter,2
1609466124204_67,Dec,winter,20
1610124972444_11,Jan,winter,11
1609555237578_92,Jan,winter,21
1609641632718_28,Jan,winter,21
1609468748477_50,Dec,winter,21
1609461532674_75,Dec,winter,19
1609700903766_19,Jan,winter,14
1609648491364_9,Jan,winter,23
1610027289764_6,Jan,winter,8
1609473863175_90,Dec,winter,23
1609471842358_6,Dec,winter,22
1609430723879_14,Dec,winter,11
1609519568321_79,Jan,winter,11
1609443132178_4,Dec,winter,14
1609477591497_93,Jan,winter,0
1609790235127_37,Jan,winter,14
1609491461857_71,Jan,winter,3
1609915904231_76,Jan,winter,1
1609610386189_31,Jan,winter,24
1609497723622_69,Jan,winter,5
1609955678140_67,Jan,winter,24
1609398866423_48,Dec,winter,2
1609468629328_32,Dec,winter,21
1609598766635_49,Jan,winter,9
1609434214783_77,Dec,winter,24
1609628799902_82,Jan,winter,18
1609471578488_71,Dec,winter,22
1609476517190_96,Dec,winter,23
1609462175921_96,Dec,winter,19
1609465166164_22,Dec,winter,20
1609530636268_97,Jan,winter,14
1609618054749_55,Jan,winter,15
1609425997275_43,Dec,winter,9
1609439349759_36,Dec,winter,13
1609536577287_71,Jan,winter,16
1609472608880_73,Dec,winter,22
1609696966321_94,Jan,winter,13
1609598892557_54,Jan,winter,9
1609492107296_38,Jan,winter,4
1609795156525_65,Jan,winter,16
1609491436775_25,Jan,winter,3
1609430235545_8,Dec,winter,10
1609468108829_27,Dec,winter,21
1609454229712_17,Dec,winter,17
1609522597403_33,Jan,winter,24
1609749371484_17,Jan,winter,3
1609644226166_56,Jan,winter,22
1609610576580_45,Jan,winter,13
1609992266518_82,Jan,winter,23
1609475538480_71,Dec,winter,23
1609454514132_7,Dec,winter,17
1609625531829_54,Jan,winter,17
1609464474669_32,Dec,winter,20
1609389418976_65,Dec,winter,23
1610062974203_67,Jan,winter,18
1609479147660_84,Jan,winter,0
1609760805118_5,Jan,winter,6
1609651796223_91,Jan,winter,0
1609651136847_54,Jan,winter,0
1609473140494_20,Dec,winter,22
1609464561133_43,Dec,winter,20
1609443953319_64,Dec,winter,14
1609562669776_65,Jan,winter,23
1609431967272_63,Dec,winter,11
1609540910318_54,Jan,winter,17
1609656427876_94,Jan,winter,1
1609554103980_57,Jan,winter,21
1609686623166_38,Jan,winter,10
1609454966520_31,Dec,winter,17
1609626376904_7,Jan,winter,17
1609476121310_97,Dec,winter,23
1609543165149_24,Jan,winter,18
1609580098523_47,Jan,winter,4
1609737527477_58,Jan,winter,0
1609450838938_32,Dec,winter,16
1609465253216_34,Dec,winter,20
1609599335146_10,Jan,winter,10
1609470175510_34,Dec,winter,22
1609464853253_74,Dec,winter,20
1609386649395_27,Dec,winter,22
1609706016314_28,Jan,winter,15
1609469982966_43,Dec,winter,21
1609601779155_58,Jan,winter,10
1609696762200_40,Jan,winter,13
1609997406456_42,Jan,winter,0
1609471061235_56,Dec,winter,22
1609471402314_36,Dec,winter,22
1609389374821_36,Dec,winter,23
1609682844279_33,Jan,winter,9
1609435840101_72,Dec,winter,24
1609478845599_77,Jan,winter,0
1609431907294_46,Dec,winter,11
1609459665382_23,Dec,winter,19
1609387119763_75,Dec,winter,22
1609528474169_65,Jan,winter,14
1609464882635_78,Dec,winter,20
1609797767528_45,Jan,winter,17
1609678693503_47,Jan,winter,7
1609597327513_92,Jan,winter,9
1609433490801_62,Dec,winter,11
1609613275654_69,Jan,winter,13
1609463046528_44,Dec,winter,20
1609695575978_40,Jan,winter,24
1609454079346_27,Dec,winter,17
1609480133702_16,Jan,winter,0
1609503148397_12,Jan,winter,7
1609548339642_89,Jan,winter,19
1609687385562_80,Jan,winter,10
1609587557696_24,Jan,winter,6
1609458530121_96,Dec,winter,18
1609454275637_57,Dec,winter,17
1609472800495_92,Dec,winter,22
1609454605883_37,Dec,winter,17
1609566884974_36,Jan,winter,0
1609881476377_28,Jan,winter,16
1610124091261_56,Jan,winter,11
1609464963744_22,Dec,winter,20
1609643657193_73,Jan,winter,22
1609464816857_89,Dec,winter,20
1609454125957_64,Dec,winter,17
1609457598849_83,Dec,winter,18
1609471114734_70,Dec,winter,22
1610062935433_2,Jan,winter,18
1609475005645_21,Dec,winter,23
1609464734437_33,Dec,winter,20
1609473602428_82,Dec,winter,23
1609431867199_79,Dec,winter,11
1609448345469_28,Dec,winter,15
1609500830975_30,Jan,winter,6
1609974842259_65,Jan,winter,18
1609426252358_9,Dec,winter,9
1609521329463_66,Jan,winter,24
1609620477423_85,Jan,winter,15
1609618075219_74,Jan,winter,15
1609562521981_7,Jan,winter,23
1609437508763_25,Dec,winter,24
1609472702895_40,Dec,winter,22
1609468222874_99,Dec,winter,21
1609465557776_61,Dec,winter,20
1609477594462_1,Jan,winter,0
1609386459606_98,Dec,winter,22
1609492254645_51,Jan,winter,4
1609460285182_100,Dec,winter,19
1609497959602_28,Jan,winter,5
1609934705447_84,Jan,winter,7
1609562539344_79,Jan,winter,23
1609641318712_68,Jan,winter,21
1609470157107_32,Dec,winter,22
1609414206368_88,Dec,winter,6
1609546270653_60,Jan,winter,19
1609477270154_58,Jan,winter,0
1609617121851_66,Jan,winter,14
1609518616682_14,Jan,winter,11
1609461802450_53,Dec,winter,19
1610066724244_31,Jan,winter,19
1609797578149_12,Jan,winter,16
1609491628956_45,Jan,winter,4
1609458844225_82,Dec,winter,18
1609386255734_67,Dec,winter,22
1609455030544_97,Dec,winter,17
1609460229616_20,Dec,winter,19
1609518908407_89,Jan,winter,11
1609430456487_43,Dec,winter,11
1609484241446_65,Jan,winter,1
1609460485214_12,Dec,winter,19
1609802353229_15,Jan,winter,18
1609401181979_44,Dec,winter,2
1609455829810_83,Dec,winter,18
1609477175724_87,Dec,winter,23
1609518456481_17,Jan,winter,11
1609457044122_11,Dec,winter,18
1609876268558_31,Jan,winter,14
1609514824476_43,Jan,winter,10
1609529203845_22,Jan,winter,14
1609463197929_27,Dec,winter,20
1609620582963_46,Jan,winter,15
1609476581355_50,Dec,winter,23
1609424910521_90,Dec,winter,9
1609387181968_51,Dec,winter,22
1609562855413_15,Jan,winter,23
1609484569155_15,Jan,winter,2
1609716077923_51,Jan,winter,18
1609470221410_4,Dec,winter,22
1609566056796_63,Jan,winter,0
1610038947821_9,Jan,winter,24
1609423812741_55,Dec,winter,9
1609909128957_53,Jan,winter,23
1610126005402_47,Jan,winter,24
1609477465150_29,Jan,winter,0
1609464061727_11,Dec,winter,20
1609389056146_48,Dec,winter,23
1609779185326_77,Jan,winter,11
1609469464409_100,Dec,winter,21
1609399045121_2,Dec,winter,2
1609458693778_46,Dec,winter,18
1609392894439_6,Dec,winter,0
1609641302378_68,Jan,winter,21
1609824582832_37,Jan,winter,0
1609466591612_90,Dec,winter,21
1609466840254_49,Dec,winter,21
1609464509636_52,Dec,winter,20
1609463764643_99,Dec,winter,20
1609973693339_15,Jan,winter,17
1609464187774_80,Dec,winter,20
1609868184686_84,Jan,winter,24
1609393331272_27,Dec,winter,0
1609720997626_96,Jan,winter,19
1609503379492_95,Jan,winter,7
1609475436423_62,Dec,winter,23
1610123493346_25,Jan,winter,11
1609451589818_30,Dec,winter,16
1609448981709_18,Dec,winter,16
1609470513935_33,Dec,winter,22
1609442435735_100,Dec,winter,14
1609477198203_20,Jan,winter,0
1609393317507_39,Dec,winter,0
1609476470470_99,Dec,winter,23
1609510339932_76,Jan,winter,9
1609476297230_32,Dec,winter,23
1610124560152_5,Jan,winter,11
1609465177974_36,Dec,winter,20
1609647777155_14,Jan,winter,23
1609733899886_84,Jan,winter,23
1609462280194_59,Dec,winter,19
1609415545347_8,Dec,winter,6
1609450935500_50,Dec,winter,16
1609431912446_2,Dec,winter,11
1609476449787_90,Dec,winter,23
1609476413470_68,Dec,winter,23
1609629713129_67,Jan,winter,18
1609498231373_36,Jan,winter,5
1609388205523_14,Dec,winter,23
1609434363514_11,Dec,winter,24
1609906453604_94,Jan,winter,23
1609476893437_25,Dec,winter,23
1609580249491_16,Jan,winter,4
1609860138944_38,Jan,winter,10
1609472445464_67,Dec,winter,22
1609462805473_85,Dec,winter,20
1609465998801_89,Dec,winter,20
1610124699778_39,Jan,winter,11
1609481632261_6,Jan,winter,1
1609816347417_71,Jan,winter,22
1609725163618_25,Jan,winter,20
1609617016729_78,Jan,winter,14
1609491605824_99,Jan,winter,4
1609451754264_69,Dec,winter,16
1609454079346_9,Dec,winter,17
1609442102267_43,Dec,winter,14
1609935104551_43,Jan,winter,7
1609530945247_45,Jan,winter,14
1609466615248_23,Dec,winter,21
1609640562815_63,Jan,winter,21
1609477299828_98,Jan,winter,0
1609860005945_64,Jan,winter,10
1609515766112_65,Jan,winter,10
1609813359540_20,Jan,winter,21
1609449803311_62,Dec,winter,16
1609394238665_86,Dec,winter,0
1609430796321_79,Dec,winter,11
1609426466212_3,Dec,winter,9
1609472891203_83,Dec,winter,22
1609534165750_23,Jan,winter,15
1609604508841_33,Jan,winter,11
1609462160654_52,Dec,winter,19
1609995895576_61,Jan,winter,0
1609512537919_74,Jan,winter,9
1609471073970_4,Dec,winter,22
1609498728379_19,Jan,winter,5
1609474261248_6,Dec,winter,23
1609457013612_71,Dec,winter,18
1609603022211_91,Jan,winter,10
1609476407677_73,Dec,winter,23
1609711264211_28,Jan,winter,17
1610127265298_99,Jan,winter,24
1609618258908_23,Jan,winter,15
1609430198319_68,Dec,winter,10
1609561872987_24,Jan,winter,23
1609451363914_19,Dec,winter,16
1609460115978_67,Dec,winter,19
1609453849988_13,Dec,winter,17
1609385348625_62,Dec,winter,22
1609468757697_30,Dec,winter,21
1609465772794_11,Dec,winter,20
1609481904707_14,Jan,winter,1
1609451382482_39,Dec,winter,16
1609430811741_58,Dec,winter,11
1609385217712_92,Dec,winter,22
1609614364290_90,Jan,winter,14
1609643397533_95,Jan,winter,22
1609647704701_43,Jan,winter,23
1609420469667_42,Dec,winter,8
1609796145439_57,Jan,winter,16
1609615871196_41,Jan,winter,14
1609974423974_48,Jan,winter,18
1609454125957_24,Dec,winter,17
1609444400990_66,Dec,winter,14
1609490639215_86,Jan,winter,3
1609494086799_75,Jan,winter,4
1609438475413_43,Dec,winter,13
1609521359471_8,Jan,winter,24
1609386261931_13,Dec,winter,22
1609471906893_13,Dec,winter,22
1609452111877_91,Dec,winter,17
1609644179231_76,Jan,winter,22
1610059221199_98,Jan,winter,17
1610056913661_39,Jan,winter,17
1609472697579_35,Dec,winter,22
1609492137112_92,Jan,winter,4
1610034438501_87,Jan,winter,10
1610123555926_5,Jan,winter,11
1609566699975_17,Jan,winter,0
1609454637487_79,Dec,winter,17
1609461442970_86,Dec,winter,19
1609611220619_59,Jan,winter,13
1609392347235_66,Dec,winter,0
1609412780524_40,Dec,winter,6
1609390387750_19,Dec,winter,23
1609855055778_44,Jan,winter,8
1609470467197_79,Dec,winter,22
1609480720536_40,Jan,winter,0
1609477398648_37,Jan,winter,0
1609477351475_52,Jan,winter,0
1609450097676_80,Dec,winter,16
1609459644718_13,Dec,winter,19
1609458878918_84,Dec,winter,18
1609719455876_89,Jan,winter,19
1609415222566_88,Dec,winter,6
1609598987150_9,Jan,winter,9
1609476506974_68,Dec,winter,23
1609431175392_40,Dec,winter,11
1609467382922_85,Dec,winter,21
1609441342475_85,Dec,winter,14
1609477298336_93,Jan,winter,0
1609468685649_20,Dec,winter,21
1610129873990_76,Jan,winter,13
1609734187707_87,Jan,winter,23
1609558739418_96,Jan,winter,22
1609776282361_50,Jan,winter,11
1609996817615_72,Jan,winter,0
1609439448126_86,Dec,winter,13
1609477577984_98,Jan,winter,0
1609430735645_94,Dec,winter,11
1609668444270_39,Jan,winter,5
1609470044513_56,Dec,winter,22
1609389359304_77,Dec,winter,23
1610027407691_86,Jan,winter,8
1609580811827_33,Jan,winter,4
1609647487919_95,Jan,winter,23
1609541628149_66,Jan,winter,17
1609469570862_10,Dec,winter,21
1609430890508_66,Dec,winter,11
1609464850976_56,Dec,winter,20
1610132891596_61,Jan,winter,14
1609478240205_19,Jan,winter,0
1609457731231_9,Dec,winter,18
1609388241612_99,Dec,winter,23
1609872916796_62,Jan,winter,13
1609672037262_96,Jan,winter,6
1609465016778_68,Dec,winter,20
1609492782552_21,Jan,winter,4
1609472275625_14,Dec,winter,22
1609465036491_70,Dec,winter,20
1609715904264_71,Jan,winter,18
1609457286314_3,Dec,winter,18
1609392866935_33,Dec,winter,0
1609475293139_62,Dec,winter,23
1609463038947_46,Dec,winter,20
1609420535181_40,Dec,winter,8
1609658657972_6,Jan,winter,2
1609395684148_99,Dec,winter,1
1609748177215_73,Jan,winter,3
1609476194408_41,Dec,winter,23
1609912806196_5,Jan,winter,1
1610072499103_49,Jan,winter,21
1609389274988_98,Dec,winter,23
1609432838139_68,Dec,winter,11
1610123981513_60,Jan,winter,11
1609463667369_14,Dec,winter,20
1609611615463_35,Jan,winter,13
1609465949824_90,Dec,winter,20
1609687588449_51,Jan,winter,10
1609468531818_71,Dec,winter,21
1609454869351_70,Dec,winter,17
1610096994757_7,Jan,winter,4
1609472623381_21,Dec,winter,22
1610071567147_6,Jan,winter,21
1609497465126_16,Jan,winter,5
1609611261829_91,Jan,winter,13
1609491529612_31,Jan,winter,3
1609459638562_17,Dec,winter,19
1609497967295_1,Jan,winter,5
1609648444716_31,Jan,winter,23
1609402671540_64,Dec,winter,3
1609498488973_39,Jan,winter,5
1609477452980_78,Jan,winter,0
1609647215738_13,Jan,winter,23
1609465211369_36,Dec,winter,20
1609465131980_34,Dec,winter,20
1609386979969_22,Dec,winter,22
1609476517800_15,Dec,winter,23
1609393507105_11,Dec,winter,0
1609779167518_49,Jan,winter,11
1609996401148_62,Jan,winter,0
1609812929121_48,Jan,winter,21
1609548030141_37,Jan,winter,19
1609456380124_99,Dec,winter,18
1609451744493_45,Dec,winter,16
1609478283524_62,Jan,winter,0
1609644212206_25,Jan,winter,22
1609546211917_42,Jan,winter,19
1609469302580_88,Dec,winter,21
1609454125957_67,Dec,winter,17
1609554500427_72,Jan,winter,21
1609615628802_72,Jan,winter,14
1609946236775_32,Jan,winter,10
1609465159400_81,Dec,winter,20
1609467186689_16,Dec,winter,21
1609390328514_72,Dec,winter,23
1609428717960_8,Dec,winter,10
1609479528323_7,Jan,winter,0
1609450862948_88,Dec,winter,16
1609499216548_52,Jan,winter,6
1609476441403_99,Dec,winter,23
1609973840695_70,Jan,winter,17
1609386981464_40,Dec,winter,22
1609608544485_39,Jan,winter,24
1609477231725_73,Jan,winter,0
1609460165615_60,Dec,winter,19
1609469606291_99,Dec,winter,21
1609388279480_34,Dec,winter,23
1610118058418_71,Jan,winter,10
1609474919153_93,Dec,winter,23
1610084707684_99,Jan,winter,0
1609527030358_31,Jan,winter,13
1609457243510_21,Dec,winter,18
1609456678887_33,Dec,winter,18
1609515816560_44,Jan,winter,10
1610018948698_11,Jan,winter,6
1609404761812_55,Dec,winter,3
1609478192739_45,Jan,winter,0
1609560335870_50,Jan,winter,23
1609791533488_1,Jan,winter,15
1609459115738_61,Dec,winter,18
1609458507330_65,Dec,winter,18
1609477470377_18,Jan,winter,0
1609733536197_6,Jan,winter,23
1609708801259_72,Jan,winter,16
1609439997690_47,Dec,winter,13
1609544923914_77,Jan,winter,18
1609385810205_95,Dec,winter,22
1609465266714_28,Dec,winter,20
1609644517533_36,Jan,winter,22
1609458564903_57,Dec,winter,18
1609464261670_57,Dec,winter,20
1609385999799_71,Dec,winter,22
1610118478967_29,Jan,winter,10
1609468379455_42,Dec,winter,21
1609519417523_77,Jan,winter,11
1610123605872_71,Jan,winter,11
1609450348877_44,Dec,winter,16
1609873607515_52,Jan,winter,14
1610034195560_52,Jan,winter,10
1609472702370_65,Dec,winter,22
1609434471711_77,Dec,winter,24
1609508008900_99,Jan,winter,8
1609597202758_22,Jan,winter,9
1609465150924_72,Dec,winter,20
1609477429812_61,Jan,winter,0
1609477335867_82,Jan,winter,0
1609454893153_36,Dec,winter,17
1609443034438_17,Dec,winter,14
1609458174424_96,Dec,winter,18
1609411531191_52,Dec,winter,5
1609849265423_63,Jan,winter,7
1609477471741_89,Jan,winter,0
1609387153528_95,Dec,winter,22
1609644852103_49,Jan,winter,22
1609463834523_78,Dec,winter,20
1609470394979_66,Dec,winter,22
1609993413407_40,Jan,winter,23
1609477107793_76,Dec,winter,23
1609880856485_25,Jan,winter,16
1609475047419_38,Dec,winter,23
1609470426815_62,Dec,winter,22
1609392946513_85,Dec,winter,0
1609396407347_33,Dec,winter,1
1609670166621_85,Jan,winter,5
1609533852661_56,Jan,winter,15
1609464680902_20,Dec,winter,20
1609477246973_100,Jan,winter,0
1609985596193_58,Jan,winter,21
1609657114527_22,Jan,winter,1
1609602884859_13,Jan,winter,10
1609415365769_54,Dec,winter,6
1609444587296_61,Dec,winter,14
1610125737275_85,Jan,winter,24
1609549475834_35,Jan,winter,20
1609458435809_63,Dec,winter,18
1609580778482_10,Jan,winter,4
1609456746723_69,Dec,winter,18
1609645978129_39,Jan,winter,22
1609471716691_51,Dec,winter,22
1609476961298_99,Dec,winter,23
1609456251398_54,Dec,winter,18
1609622468807_53,Jan,winter,16
1609432966114_68,Dec,winter,11
1609912690585_70,Jan,winter,0
1609695646386_57,Jan,winter,24
1609454079346_3,Dec,winter,17
1609492621737_97,Jan,winter,4
1609580840488_11,Jan,winter,4
1609473569258_84,Dec,winter,22
1609795121586_42,Jan,winter,16
1609415816468_52,Dec,winter,6
1609438344296_44,Dec,winter,13
1609466624119_2,Dec,winter,21
1610049661226_79,Jan,winter,15
1610034210719_71,Jan,winter,10
1609430689267_51,Dec,winter,11
1609402032986_90,Dec,winter,3
1609865239461_100,Jan,winter,11
1609773705598_55,Jan,winter,10
1609644946276_29,Jan,winter,22
1609791748583_76,Jan,winter,15
1609700905498_64,Jan,winter,14
1609437018899_31,Dec,winter,24
1609976438629_65,Jan,winter,18
1609574706971_15,Jan,winter,3
1609468687603_57,Dec,winter,21
1609560495897_74,Jan,winter,23
1609468641864_34,Dec,winter,21
1609390800582_4,Dec,winter,0
1609629177415_41,Jan,winter,18
1609468652814_98,Dec,winter,21
1609657619960_92,Jan,winter,2
1609530999892_53,Jan,winter,14
1609458656777_66,Dec,winter,18
1609443172219_4,Dec,winter,14
1609470768709_55,Dec,winter,22
1609384665620_70,Dec,winter,22
1609477404681_6,Jan,winter,0
1609389751655_13,Dec,winter,23
1609445925328_54,Dec,winter,15
1609528383406_71,Jan,winter,14
1609468920656_5,Dec,winter,21
1609540843832_22,Jan,winter,17
1609477766712_28,Jan,winter,0
1609873628982_69,Jan,winter,14
1609719513322_1,Jan,winter,19
1609548827138_87,Jan,winter,19
1609648401202_95,Jan,winter,23
1609388317504_63,Dec,winter,23
1609465562120_68,Dec,winter,20
1609534930954_87,Jan,winter,16
1609477425435_10,Jan,winter,0
1609785773744_52,Jan,winter,13
1609517523660_94,Jan,winter,11
1609580501370_82,Jan,winter,4
1610088839710_94,Jan,winter,1
1609453857728_65,Dec,winter,17
1609444343790_40,Dec,winter,14
1609386241364_73,Dec,winter,22
1609530261673_99,Jan,winter,14
1609435423159_1,Dec,winter,24
1609477456330_95,Jan,winter,0
1609682830224_27,Jan,winter,9
1609601643791_83,Jan,winter,10
1609467087658_33,Dec,winter,21
1609454197738_22,Dec,winter,17
1609479234907_42,Jan,winter,0
1609472163175_27,Dec,winter,22
1609610182155_79,Jan,winter,24
1609472210545_65,Dec,winter,22
1609475213105_66,Dec,winter,23
1609476504395_80,Dec,winter,23
1609466982398_94,Dec,winter,21
1609476354599_68,Dec,winter,23
1609469591196_9,Dec,winter,21
1609466086976_34,Dec,winter,20
1609437467680_37,Dec,winter,24
1609670172104_49,Jan,winter,5
1609442921517_74,Dec,winter,14
1609726358200_34,Jan,winter,21
1609505993898_92,Jan,winter,8
1609560523658_78,Jan,winter,23
1610026316357_36,Jan,winter,8
1609656465751_85,Jan,winter,1
1609454548979_87,Dec,winter,17
1609657093956_85,Jan,winter,1
1609526339159_47,Jan,winter,13
1609430252499_43,Dec,winter,10
1609389042153_45,Dec,winter,23
1609390592473_18,Dec,winter,23
1609438026640_23,Dec,winter,13
1610088478234_43,Jan,winter,1
1609446675707_36,Dec,winter,15
1609701203986_74,Jan,winter,14
1609466737382_21,Dec,winter,21
1609472336932_23,Dec,winter,22
1610041790160_56,Jan,winter,24
1609544974289_50,Jan,winter,18
1609623680663_50,Jan,winter,16
1609591716297_14,Jan,winter,7
1609396767682_48,Dec,winter,1
1609458770370_8,Dec,winter,18
1609390444744_38,Dec,winter,23
1609469044581_12,Dec,winter,21
1609733403630_81,Jan,winter,23
1609477249700_3,Jan,winter,0
1609644267245_70,Jan,winter,22
1609590081714_64,Jan,winter,7
1609935691162_86,Jan,winter,7
1609477000897_86,Dec,winter,23
1609386730267_86,Dec,winter,22
1609434382294_42,Dec,winter,24
1609484567640_7,Jan,winter,2
1609476362407_67,Dec,winter,23
1610077347159_27,Jan,winter,22
1609477449566_23,Jan,winter,0
1609402256173_77,Dec,winter,3
1609458536181_23,Dec,winter,18
1609475018862_95,Dec,winter,23
1609701371501_71,Jan,winter,14
1609472333776_91,Dec,winter,22
1609734370938_33,Jan,winter,23
1609562588776_18,Jan,winter,23
1609933593421_55,Jan,winter,6
1609473846228_41,Dec,winter,23
1609504663870_24,Jan,winter,7
1609443137791_71,Dec,winter,14
1609477482870_44,Jan,winter,0
1609506019407_27,Jan,winter,8
1609470096735_12,Dec,winter,22
1609466618687_10,Dec,winter,21
1610031254898_14,Jan,winter,9
1609456365913_6,Dec,winter,18
1609453114379_84,Dec,winter,17
1609451933276_88,Dec,winter,16
1609849287951_73,Jan,winter,7
1609453840346_62,Dec,winter,17
1609467476151_52,Dec,winter,21
1609462778446_58,Dec,winter,19
1609392911313_3,Dec,winter,0
1609650964669_92,Jan,winter,0
1609623510808_89,Jan,winter,16
1610118947500_14,Jan,winter,10
1609610878798_62,Jan,winter,13
1609484376241_24,Jan,winter,1
1609604588764_86,Jan,winter,11
1609609336171_77,Jan,winter,24
1609815492762_37,Jan,winter,21
1609499178201_60,Jan,winter,6
1609477342562_54,Jan,winter,0
1610039198309_64,Jan,winter,24
1609434242639_90,Dec,winter,24
1610043863361_60,Jan,winter,13
1609643991733_11,Jan,winter,22
1609476567886_30,Dec,winter,23
1609422866531_98,Dec,winter,8
1610096136833_96,Jan,winter,3
1610119035211_34,Jan,winter,10
1609454079346_75,Dec,winter,17
1609547161289_75,Jan,winter,19
1609651010436_25,Jan,winter,0
1609492145813_37,Jan,winter,4
1609477529563_79,Jan,winter,0
1609458817161_66,Dec,winter,18
1609392826281_1,Dec,winter,0
1609392839898_38,Dec,winter,0
1609580749290_84,Jan,winter,4
1609526251313_41,Jan,winter,13
1609434525345_31,Dec,winter,24
1609561598157_39,Jan,winter,23
1609695708762_87,Jan,winter,24
1610124540608_36,Jan,winter,11
1609587042787_99,Jan,winter,6
1609645097719_56,Jan,winter,22
1609650933498_3,Jan,winter,0
1609475307926_66,Dec,winter,23
1609450369978_38,Dec,winter,16
1609552783197_93,Jan,winter,21
1609392915687_40,Dec,winter,0
1610123805435_100,Jan,winter,11
1609528922871_33,Jan,winter,14
1609824691228_80,Jan,winter,0
1609543238644_58,Jan,winter,18
1610123750874_18,Jan,winter,11
1609514782625_29,Jan,winter,10
1609505406673_1,Jan,winter,7
1609385985299_15,Dec,winter,22
1609390426407_16,Dec,winter,23
1610023585324_45,Jan,winter,7
1609458625790_71,Dec,winter,18
1609417020593_46,Dec,winter,7
1610097195806_9,Jan,winter,4
1609464903341_80,Dec,winter,20
1610125358908_80,Jan,winter,24
1609423831859_30,Dec,winter,9
1609467139622_12,Dec,winter,21
1609415330365_44,Dec,winter,6
1609598749915_35,Jan,winter,9
1609928995909_22,Jan,winter,5
1609469455924_55,Dec,winter,21
1609471959723_95,Dec,winter,22
1609454324764_67,Dec,winter,17
1609477468258_100,Jan,winter,0
1609476403255_82,Dec,winter,23
1609526133229_9,Jan,winter,13
1609534969903_38,Jan,winter,16
1609616316753_60,Jan,winter,14
1609458205373_35,Dec,winter,18
1609476327302_69,Dec,winter,23
1609476326260_19,Dec,winter,23
1609455726694_17,Dec,winter,18
1609860210829_46,Jan,winter,10
1609466787511_62,Dec,winter,21
1609477463243_4,Jan,winter,0
1609790303211_80,Jan,winter,14
1609387108444_45,Dec,winter,22
1609470693157_96,Dec,winter,22
1609389126896_65,Dec,winter,23
1609445361353_74,Dec,winter,15
1609463722753_40,Dec,winter,20
1609464804175_53,Dec,winter,20
1609464166903_29,Dec,winter,20
1609394382398_2,Dec,winter,0
1609464640120_9,Dec,winter,20
1609443202144_72,Dec,winter,14
1609561739552_51,Jan,winter,23
1609477790640_91,Jan,winter,0
1609459646451_91,Dec,winter,19
1609477720952_90,Jan,winter,0
1609463774623_37,Dec,winter,20
1609470538951_35,Dec,winter,22
1609949541908_18,Jan,winter,11
1609616281325_17,Jan,winter,14
1609486710956_82,Jan,winter,2
1609388919812_48,Dec,winter,23
1610121397992_13,Jan,winter,10
1609466810802_23,Dec,winter,21
1609877816443_79,Jan,winter,15
1609464801310_33,Dec,winter,20
1609534878171_86,Jan,winter,16
1609387019481_35,Dec,winter,22
1609454408322_31,Dec,winter,17
1609618211207_83,Jan,winter,15
1610088842813_98,Jan,winter,1
1609452852540_28,Dec,winter,17
1609705631678_83,Jan,winter,15
1609473720208_88,Dec,winter,23
1609612348437_66,Jan,winter,13
1609463976338_78,Dec,winter,20
1609448983449_96,Dec,winter,16
1609764899408_11,Jan,winter,7
1609546148950_71,Jan,winter,19
1609464911391_39,Dec,winter,20
1609446865605_45,Dec,winter,15
1609477087644_87,Dec,winter,23
1609462815710_88,Dec,winter,20
1609477188118_35,Dec,winter,23
1609465031542_86,Dec,winter,20
1609779439273_51,Jan,winter,11
1609584887549_79,Jan,winter,5
1609479483320_47,Jan,winter,0
1609453003420_60,Dec,winter,17
1610118038829_61,Jan,winter,10
1609452633388_88,Dec,winter,17
1609468852558_26,Dec,winter,21
1609477464142_34,Jan,winter,0
1610045319319_76,Jan,winter,13
1609430313206_28,Dec,winter,10
1609526181328_94,Jan,winter,13
1609443189247_5,Dec,winter,14
1609672184878_39,Jan,winter,6
1609714734683_72,Jan,winter,17
1609522537932_77,Jan,winter,24
1610084722148_78,Jan,winter,0
1609627123940_51,Jan,winter,17
1609470206639_64,Dec,winter,22
1609396431333_91,Dec,winter,1
1609530614470_25,Jan,winter,14
1609466205185_9,Dec,winter,20
1609604421939_16,Jan,winter,11
1609630010484_50,Jan,winter,18
1609476203893_96,Dec,winter,23
1609467754875_68,Dec,winter,21
1609534287720_27,Jan,winter,15
1609804281789_17,Jan,winter,18
1609412768663_46,Dec,winter,6
1609609182785_24,Jan,winter,24
1609461769826_43,Dec,winter,19
1609469271122_13,Dec,winter,21
1609396193417_60,Dec,winter,1
1609785615629_48,Jan,winter,13
1609503587176_70,Jan,winter,7
1609452177336_63,Dec,winter,17
1609526457336_33,Jan,winter,13
1609389242256_95,Dec,winter,23
1609437270292_13,Dec,winter,24
1609611315725_11,Jan,winter,13
1609611681970_10,Jan,winter,13
1609982940963_93,Jan,winter,20
1609764693897_72,Jan,winter,7
1609484268102_86,Jan,winter,1
1610125000424_48,Jan,winter,11
1609623702426_56,Jan,winter,16
1609470098319_22,Dec,winter,22
1609458150496_12,Dec,winter,18
1609427697675_67,Dec,winter,10
1609472805824_61,Dec,winter,22
1609420133212_23,Dec,winter,8
1609470317394_41,Dec,winter,22
1609476696193_46,Dec,winter,23
1609431280819_27,Dec,winter,11
1609628964276_59,Jan,winter,18
1609476281396_31,Dec,winter,23
1609387076246_81,Dec,winter,22
1609498101539_37,Jan,winter,5
1609460422681_5,Dec,winter,19
1609390879177_44,Dec,winter,0
1609503440904_67,Jan,winter,7
1609478830787_34,Jan,winter,0
1609389286803_61,Dec,winter,23
1609472997710_95,Dec,winter,22
1609542504876_66,Jan,winter,18
1609434258335_77,Dec,winter,24
1609947805598_50,Jan,winter,10
1609474534851_98,Dec,winter,23
1609465048675_78,Dec,winter,20
1609787169816_59,Jan,winter,14
1609463158317_21,Dec,winter,20
1609459719773_60,Dec,winter,19
1609457301648_36,Dec,winter,18
1609526170443_37,Jan,winter,13
1609468208252_93,Dec,winter,21
1609555990464_62,Jan,winter,21
1609558710634_21,Jan,winter,22
1610124722355_71,Jan,winter,11
1609609228377_24,Jan,winter,24
1609934567528_41,Jan,winter,7
1610071632180_33,Jan,winter,21
1609456336189_26,Dec,winter,18
1609465005512_26,Dec,winter,20
1609888072944_61,Jan,winter,18
1609460022549_67,Dec,winter,19
1609385942472_75,Dec,winter,22
1609599067597_99,Jan,winter,9
1609469392244_22,Dec,winter,21
1609478533496_16,Jan,winter,0
1609590095639_81,Jan,winter,7
1609471673741_10,Dec,winter,22
1609404510201_68,Dec,winter,3
1609470733338_96,Dec,winter,22
1609414425220_18,Dec,winter,6
1609431327856_14,Dec,winter,11
1609420582222_70,Dec,winter,8
1609476777500_27,Dec,winter,23
1609464074852_50,Dec,winter,20
1609462634289_16,Dec,winter,19
1610119073227_97,Jan,winter,10
1609399133828_65,Dec,winter,2
1609455726694_75,Dec,winter,18
1609475632780_91,Dec,winter,23
1610118288142_8,Jan,winter,10
1609469962700_20,Dec,winter,21
1609478332781_91,Jan,winter,0
1609469752451_43,Dec,winter,21
1609617031152_85,Jan,winter,14
1609618732146_46,Jan,winter,15
1610088975945_50,Jan,winter,1
1609701346773_16,Jan,winter,14
1609469701730_50,Dec,winter,21
1609516804609_80,Jan,winter,11
1609474538825_71,Dec,winter,23
1609603752970_95,Jan,winter,11
1609460089842_83,Dec,winter,19
1609451812682_1,Dec,winter,16
1609455766476_9,Dec,winter,18
1609776035593_84,Jan,winter,11
1609393019538_40,Dec,winter,0
1609463710625_33,Dec,winter,20
1609510404163_45,Jan,winter,9
1609477362556_74,Jan,winter,0
1609695616195_62,Jan,winter,24
1609426355765_24,Dec,winter,9
1610072999956_39,Jan,winter,21
1609873702297_100,Jan,winter,14
1609477257778_26,Jan,winter,0
1609471998501_92,Dec,winter,22
1609472468511_24,Dec,winter,22
1609491501437_46,Jan,winter,3
1609435790225_35,Dec,winter,24
1609493785757_9,Jan,winter,4
1609472030124_30,Dec,winter,22
1609466564956_40,Dec,winter,21
1609434919856_76,Dec,winter,24
1609617671797_85,Jan,winter,15
1609469221328_82,Dec,winter,21
1609386665501_96,Dec,winter,22
1609454079346_17,Dec,winter,17
1609476146872_16,Dec,winter,23
1610124767918_42,Jan,winter,11
1610072875304_77,Jan,winter,21
1609474854588_47,Dec,winter,23
1610118561435_72,Jan,winter,10
1609911150227_3,Jan,winter,0
1609725179874_18,Jan,winter,20
1609587034915_8,Jan,winter,6
1609554882654_63,Jan,winter,21
1609955652498_56,Jan,winter,24
1609733283726_61,Jan,winter,23
1609604561187_50,Jan,winter,11
1609612002434_16,Jan,winter,13
1609394990607_20,Dec,winter,1
1609919148477_17,Jan,winter,2
1610061711720_95,Jan,winter,18
1609473839497_85,Dec,winter,23
1609598791814_57,Jan,winter,9
1609443242169_87,Dec,winter,14
1609643836991_36,Jan,winter,22
1609473163406_57,Dec,winter,22
1609464860983_44,Dec,winter,20
1609734084459_29,Jan,winter,23
1609467337678_6,Dec,winter,21
1609438147436_87,Dec,winter,13
1609779447943_65,Jan,winter,11
1609521531766_2,Jan,winter,24
1609477361802_84,Jan,winter,0
1609478492628_53,Jan,winter,0
1609478710726_19,Jan,winter,0
1609468566590_67,Dec,winter,21
1609468146867_81,Dec,winter,21
1609402719733_52,Dec,winter,3
1610033915687_89,Jan,winter,10
1610060941512_25,Jan,winter,18
1609389401605_16,Dec,winter,23
1609822488773_19,Jan,winter,23
1609477414766_38,Jan,winter,0
1609913050501_38,Jan,winter,1
1609670162974_49,Jan,winter,5
1609976029517_58,Jan,winter,18
1609388819823_82,Dec,winter,23
1609472087684_65,Dec,winter,22
1609396891766_48,Dec,winter,1
1609471814778_79,Dec,winter,22
1609467372837_44,Dec,winter,21
1610106058444_45,Jan,winter,6
1609464728982_36,Dec,winter,20
1609525165134_85,Jan,winter,13
1609467774477_17,Dec,winter,21
1609493455882_96,Jan,winter,4
1609464692710_86,Dec,winter,20
1609389094401_36,Dec,winter,23
1609477266449_79,Jan,winter,0
1609498852197_51,Jan,winter,6
1609479300431_36,Jan,winter,0
1609671610137_34,Jan,winter,6
1609454125957_54,Dec,winter,17
1609484645233_31,Jan,winter,2
1609711251521_56,Jan,winter,17
1609643132575_12,Jan,winter,22
1609464828903_58,Dec,winter,20
1609543015882_25,Jan,winter,18
1609434640821_27,Dec,winter,24
1609636218771_66,Jan,winter,20
1609515828259_94,Jan,winter,10
1609610924549_12,Jan,winter,13
1609632185204_83,Jan,winter,19
1609389308537_30,Dec,winter,23
1609492680991_40,Jan,winter,4
1609456651505_66,Dec,winter,18
1609464998346_36,Dec,winter,20
1610123836760_85,Jan,winter,11
1609616942186_71,Jan,winter,14
1609459694192_52,Dec,winter,19
1609645493346_94,Jan,winter,22
1609478888392_97,Jan,winter,0
1609695680991_2,Jan,winter,24
1609431816626_66,Dec,winter,11
1609439349759_65,Dec,winter,13
1609458814999_76,Dec,winter,18
1609537727212_67,Jan,winter,16
1609386079108_25,Dec,winter,22
1609477825863_11,Jan,winter,0
1609555255820_95,Jan,winter,21
1609924196104_69,Jan,winter,4
1609630740424_49,Jan,winter,18
1609477075445_70,Dec,winter,23
1609586974471_95,Jan,winter,6
1609476256350_32,Dec,winter,23
1609762081768_74,Jan,winter,7
1609451018268_76,Dec,winter,16
1609463455620_82,Dec,winter,20
1609467712995_27,Dec,winter,21
1609477276126_11,Jan,winter,0
1609643386142_75,Jan,winter,22
1609470234476_57,Dec,winter,22
1609475533851_48,Dec,winter,23
1609556134422_72,Jan,winter,21
1609908430963_43,Jan,winter,23
1609468963578_34,Dec,winter,21
1609734249853_38,Jan,winter,23
1610126058632_2,Jan,winter,24
1609651259317_5,Jan,winter,0
1609566404340_10,Jan,winter,0
1610046487756_78,Jan,winter,14
1609477485470_90,Jan,winter,0
1609908106229_61,Jan,winter,23
1609400901580_99,Dec,winter,2
1609456388737_70,Dec,winter,18
1609456789996_45,Dec,winter,18
1609470066128_7,Dec,winter,22
1609992038606_62,Jan,winter,23
1610124695546_26,Jan,winter,11
1609389684485_11,Dec,winter,23
1609477248212_71,Jan,winter,0
1609472611647_82,Dec,winter,22
1609881451807_51,Jan,winter,16
1609467815114_96,Dec,winter,21
1609477006620_5,Dec,winter,23
1609450963313_59,Dec,winter,16
1609593467474_65,Jan,winter,8
1609646187319_93,Jan,winter,22
1609454944362_41,Dec,winter,17
1609477250631_6,Jan,winter,0
1609451895699_58,Dec,winter,16
1609457575827_97,Dec,winter,18
1609476195809_16,Dec,winter,23
1609560242785_12,Jan,winter,23
1609458206363_98,Dec,winter,18
1609610326918_96,Jan,winter,24
1609515841900_67,Jan,winter,10
1609435805907_48,Dec,winter,24
1609820512453_68,Jan,winter,23
1609537173783_15,Jan,winter,16
1609440883962_83,Dec,winter,13
1609477342215_12,Jan,winter,0
1609491276787_39,Jan,winter,3
1609732794146_22,Jan,winter,23
1609474762215_67,Dec,winter,23
1609423057267_99,Dec,winter,8
1609468776154_21,Dec,winter,21
1609648478348_24,Jan,winter,23
1610040059299_13,Jan,winter,24
1609434258557_46,Dec,winter,24
1609477410942_32,Jan,winter,0
1609492194294_51,Jan,winter,4
1609468413140_77,Dec,winter,21
1609978917143_6,Jan,winter,19
1609445408487_40,Dec,winter,15
1609450412608_3,Dec,winter,16
1609719962966_1,Jan,winter,19
1609464495732_54,Dec,winter,20
1609941777678_51,Jan,winter,9
1609534046795_54,Jan,winter,15
1609678645968_75,Jan,winter,7
1609490341262_64,Jan,winter,3
1609478830787_51,Jan,winter,0
1609476681154_33,Dec,winter,23
1609477489108_26,Jan,winter,0
1609534821238_26,Jan,winter,16
1609478898381_58,Jan,winter,0
1609535166893_17,Jan,winter,16
1609561469112_35,Jan,winter,23
1609567250374_93,Jan,winter,1
1609646153617_18,Jan,winter,22
1609392828285_66,Dec,winter,0
1609475291529_28,Dec,winter,23
1609498384135_22,Jan,winter,5
1609522661607_73,Jan,winter,24
1609469176993_50,Dec,winter,21
1609476678816_100,Dec,winter,23
1609499255173_75,Jan,winter,6
1609623945760_45,Jan,winter,16
1609617023660_69,Jan,winter,14
1609476276165_6,Dec,winter,23
1609908751141_47,Jan,winter,23
1609480360619_28,Jan,winter,0
1609695688995_88,Jan,winter,24
1609541989442_29,Jan,winter,17
1609464847989_51,Dec,winter,20
1609456300578_52,Dec,winter,18
1609463202311_46,Dec,winter,20
1609390690354_43,Dec,winter,23
1609475334852_31,Dec,winter,23
1610118545563_2,Jan,winter,10
1609388119278_59,Dec,winter,23
1609648574995_1,Jan,winter,23
1609638595965_15,Jan,winter,20
1609479508842_22,Jan,winter,0
1609887222119_70,Jan,winter,17
1609429604219_22,Dec,winter,10
1609469241680_66,Dec,winter,21
1609443041292_11,Dec,winter,14
1609647482297_6,Jan,winter,23
1609432440628_20,Dec,winter,11
1609562886147_40,Jan,winter,23
1609477013618_68,Dec,winter,23
1609407436167_22,Dec,winter,4
1609437331647_14,Dec,winter,24
1609738475593_77,Jan,winter,0
1609601517514_91,Jan,winter,10
1609477204270_43,Jan,winter,0
1609461168557_2,Dec,winter,19
1609463400100_63,Dec,winter,20
1609521519686_98,Jan,winter,24
1609466016873_45,Dec,winter,20
1609734529670_9,Jan,winter,23
1609469702798_23,Dec,winter,21
1609399059648_70,Dec,winter,2
1609670507721_72,Jan,winter,5
1609580131937_98,Jan,winter,4
1609651437840_32,Jan,winter,0
1609477636553_75,Jan,winter,0
1609472598957_44,Dec,winter,22
1609764550622_20,Jan,winter,7
1610049804913_18,Jan,winter,15
1609469278849_88,Dec,winter,21
1609386515921_44,Dec,winter,22
1609896847297_63,Jan,winter,20
1609468984159_15,Dec,winter,21
1609446802590_58,Dec,winter,15
1609384721264_72,Dec,winter,22
1609454823127_46,Dec,winter,17
1609467529583_92,Dec,winter,21
1609498865309_54,Jan,winter,6
1609471084681_2,Dec,winter,22
1609476574945_3,Dec,winter,23
1609444909176_83,Dec,winter,15
1609561833621_79,Jan,winter,23
1609463465298_83,Dec,winter,20
1609503445123_5,Jan,winter,7
1609498184704_74,Jan,winter,5
1609402960315_72,Dec,winter,3
1609468956533_37,Dec,winter,21
1609458807726_69,Dec,winter,18
1609477321820_37,Jan,winter,0
1609385987158_85,Dec,winter,22
1609454294456_98,Dec,winter,17
1609581286756_68,Jan,winter,4
1609490673649_57,Jan,winter,3
1610072236718_20,Jan,winter,21
1609462445172_75,Dec,winter,19
1609799360526_29,Jan,winter,17
1609387523664_2,Dec,winter,23
1609445456349_27,Dec,winter,15
1609471675421_50,Dec,winter,22
1609479643214_55,Jan,winter,0
1610102110162_30,Jan,winter,5
1609458893744_34,Dec,winter,18
1610124938233_91,Jan,winter,11
1609477312361_49,Jan,winter,0
1609392398578_99,Dec,winter,0
1609607651667_83,Jan,winter,24
1609386085434_88,Dec,winter,22
1609463501619_3,Dec,winter,20
1610117871688_26,Jan,winter,9
1609456273828_43,Dec,winter,18
1609452522257_35,Dec,winter,17
1609473049857_71,Dec,winter,22
1609605410599_44,Jan,winter,11
1609472693703_40,Dec,winter,22
1609995491605_17,Jan,winter,23
1609473870157_71,Dec,winter,23
1609887817812_53,Jan,winter,18
1609974696983_69,Jan,winter,18
1609824622903_7,Jan,winter,0
1609462950891_54,Dec,winter,20
1609933648950_11,Jan,winter,6
1609437117162_26,Dec,winter,24
1609423405818_48,Dec,winter,9
1609471405455_77,Dec,winter,22
1609599118588_84,Jan,winter,9
1609431940388_13,Dec,winter,11
1609432495382_76,Dec,winter,11
1609644269790_43,Jan,winter,22
1609779227366_18,Jan,winter,11
1609477450427_99,Jan,winter,0
1609715919343_51,Jan,winter,18
1609695662524_44,Jan,winter,24
1609474844480_91,Dec,winter,23
1609451000560_60,Dec,winter,16
1609663719965_57,Jan,winter,3
1609477204270_84,Jan,winter,0
1609535185164_46,Jan,winter,16
1609460508708_65,Dec,winter,19
1610035649988_32,Jan,winter,11
1609620467769_79,Jan,winter,15
1609390630619_77,Dec,winter,23
1609451948333_28,Dec,winter,16
1609908319339_16,Jan,winter,23
1609423122901_84,Dec,winter,8
1609387062112_16,Dec,winter,22
1609524026653_77,Jan,winter,13
1609465226863_65,Dec,winter,20
1609505513344_85,Jan,winter,7
1610130172488_18,Jan,winter,13
1609511715842_36,Jan,winter,9
1610131572546_8,Jan,winter,13
1609452752130_77,Dec,winter,17
1609518634641_45,Jan,winter,11
1609464740364_62,Dec,winter,20
1609774464730_34,Jan,winter,10
1609434658262_4,Dec,winter,24
1609477048715_55,Dec,winter,23
1609896568560_8,Jan,winter,20
1609660861606_51,Jan,winter,3
1609468441645_74,Dec,winter,21
1609470229419_63,Dec,winter,22
1609641252480_42,Jan,winter,21
1609598993936_24,Jan,winter,9
1609387325730_95,Dec,winter,23
1609477254656_84,Jan,winter,0
1609396313345_88,Dec,winter,1
1609791653342_7,Jan,winter,15
1609896654700_22,Jan,winter,20
1609457116113_81,Dec,winter,18
1609525347220_40,Jan,winter,13
1609909061629_73,Jan,winter,23
1609470354927_99,Dec,winter,22
1609887239784_24,Jan,winter,17
1609467136675_18,Dec,winter,21
1610066745224_65,Jan,winter,19
1609604395744_72,Jan,winter,11
1609822738133_3,Jan,winter,23
1609468571540_34,Dec,winter,21
1609459379686_10,Dec,winter,19
1609479339241_76,Jan,winter,0
1609554468551_77,Jan,winter,21
1609695502975_21,Jan,winter,24
1609439317203_98,Dec,winter,13
1609396842506_60,Dec,winter,1
1609629231101_52,Jan,winter,18
1610128693759_89,Jan,winter,24
1609609317261_89,Jan,winter,24
1609469598418_27,Dec,winter,21
1609644686258_39,Jan,winter,22
1609469709372_71,Dec,winter,21
1609394633996_79,Dec,winter,1
1609414772958_99,Dec,winter,6
1609621739484_59,Jan,winter,16
1609618085285_76,Jan,winter,15
1609982940963_31,Jan,winter,20
1609464738708_12,Dec,winter,20
1609734603865_5,Jan,winter,23
1609443075748_12,Dec,winter,14
1610072793917_2,Jan,winter,21
1609755449703_90,Jan,winter,5
1609475427417_92,Dec,winter,23
1610126996485_75,Jan,winter,24
1609643629716_86,Jan,winter,22
1609484535658_19,Jan,winter,2
1609451212139_44,Dec,winter,16
1609468239972_99,Dec,winter,21
1609465297340_21,Dec,winter,20
1609477158690_63,Dec,winter,23
1609390367363_76,Dec,winter,23
1609465646842_5,Dec,winter,20
1609449582682_1,Dec,winter,16
1609579988574_68,Jan,winter,4
1609520698400_39,Jan,winter,24
1609534352830_84,Jan,winter,15
1609866944362_53,Jan,winter,24
1609434358363_63,Dec,winter,24
1609460464433_6,Dec,winter,19
1609457017937_1,Dec,winter,18
1609874490736_34,Jan,winter,17
1609621076682_38,Jan,winter,15
1609790372168_46,Jan,winter,14
1609636287939_33,Jan,winter,20
1609570632563_81,Jan,winter,1
1609468976547_11,Dec,winter,21
1609526133229_86,Jan,winter,13
1609887649306_7,Jan,winter,18
1609392234556_75,Dec,winter,0
1609444362983_76,Dec,winter,14
1609385777924_37,Dec,winter,22
1609602737190_20,Jan,winter,10
1609554127108_58,Jan,winter,21
1610124782361_45,Jan,winter,11
1609888485589_27,Jan,winter,18
1609476873550_45,Dec,winter,23
1609608993610_82,Jan,winter,24
1609629965156_47,Jan,winter,18
1609581194978_55,Jan,winter,4
1609469192512_16,Dec,winter,21
1609389398383_74,Dec,winter,23
1609909711445_100,Jan,winter,0
1609484449733_72,Jan,winter,2
1609710567394_62,Jan,winter,16
1609385769714_67,Dec,winter,22
1609473900912_94,Dec,winter,23
1610043019837_28,Jan,winter,13
1609453710552_49,Dec,winter,17
1609656396389_67,Jan,winter,1
1609423441346_93,Dec,winter,9
1609488072274_55,Jan,winter,3
1610105670881_21,Jan,winter,6
1609454229712_44,Dec,winter,17
1609428557871_47,Dec,winter,10
1610105827645_98,Jan,winter,6
1609884866167_76,Jan,winter,17
1609471813518_60,Dec,winter,22
1609456420123_15,Dec,winter,18
1609425738112_4,Dec,winter,9
1609475307779_52,Dec,winter,23
1609475586209_23,Dec,winter,23
1609608532107_25,Jan,winter,24
1609443459244_76,Dec,winter,14
1610130163584_33,Jan,winter,13
1609471634556_61,Dec,winter,22
1609388352337_52,Dec,winter,23
1609610872425_1,Jan,winter,13
1609448002578_79,Dec,winter,15
1610119004826_23,Jan,winter,10
1609876616362_91,Jan,winter,14
1609463745784_17,Dec,winter,20
1609645150592_4,Jan,winter,22
1609822673337_64,Jan,winter,23
1609647836756_98,Jan,winter,23
1609880266390_71,Jan,winter,15
1609656839739_81,Jan,winter,1
1609623293730_97,Jan,winter,16
1609470294462_53,Dec,winter,22
1610047691165_96,Jan,winter,14
1609483095991_65,Jan,winter,1
1609389290909_43,Dec,winter,23
1609461353145_74,Dec,winter,19
1609981481843_10,Jan,winter,20
1609458799847_5,Dec,winter,18
1609646476989_19,Jan,winter,23
1609515803912_63,Jan,winter,10
1609438476937_34,Dec,winter,13
1609615406347_23,Jan,winter,14
1609616221919_89,Jan,winter,14
1609492087720_41,Jan,winter,4
1609465266105_64,Dec,winter,20
1609456363389_89,Dec,winter,18
1609511681517_47,Jan,winter,9
1609796434512_70,Jan,winter,16
1609468675806_48,Dec,winter,21
1609539048337_42,Jan,winter,17
1609648162337_79,Jan,winter,23
1609457188576_55,Dec,winter,18
1609566758337_79,Jan,winter,0
1609463300265_47,Dec,winter,20
1609561330568_5,Jan,winter,23
1609390144228_79,Dec,winter,23
1609429588733_66,Dec,winter,10
1609462773657_63,Dec,winter,19
1609472915113_82,Dec,winter,22
1609469088289_22,Dec,winter,21
1609458175914_50,Dec,winter,18
1609477194445_11,Dec,winter,23
1609423782394_87,Dec,winter,9
1609465640245_76,Dec,winter,20
1609605613832_12,Jan,winter,11
1609458584564_31,Dec,winter,18
1609542460772_42,Jan,winter,18
1609389727257_96,Dec,winter,23
1609396991590_55,Dec,winter,1
1609468989778_44,Dec,winter,21
1609575427911_52,Jan,winter,3
1609395558524_37,Dec,winter,1
1609492416791_4,Jan,winter,4
1609479911937_62,Jan,winter,0
1609435965923_76,Dec,winter,24
1609494712233_30,Jan,winter,4
1609432729358_42,Dec,winter,11
1609733432803_13,Jan,winter,23
1610124034411_70,Jan,winter,11
1609478522614_98,Jan,winter,0
1609685527633_7,Jan,winter,9
1609454229712_31,Dec,winter,17
1609543003304_58,Jan,winter,18
1609494541856_16,Jan,winter,4
1609611476418_97,Jan,winter,13
1609491414646_79,Jan,winter,3
1609650323129_100,Jan,winter,0
1609657858756_34,Jan,winter,2
1609389637793_71,Dec,winter,23
1609820824762_53,Jan,winter,23
1609464738612_33,Dec,winter,20
1609701914388_43,Jan,winter,14
1609472643266_49,Dec,winter,22
1609465005511_24,Dec,winter,20
1609465259869_66,Dec,winter,20
1609477104799_24,Dec,winter,23
1609502598370_8,Jan,winter,7
1609801459574_78,Jan,winter,18
1609434220254_55,Dec,winter,24
1609432744500_53,Dec,winter,11
1609464423402_83,Dec,winter,20
1609387597215_90,Dec,winter,23
1609396250790_98,Dec,winter,1
1609388916324_9,Dec,winter,23
1609475037628_88,Dec,winter,23
1609461368368_29,Dec,winter,19
1609476133170_48,Dec,winter,23
1610123860489_54,Jan,winter,11
1610118787547_54,Jan,winter,10
1609482324423_37,Jan,winter,1
1609395668540_4,Dec,winter,1
1609691023911_38,Jan,winter,11
1609499717753_26,Jan,winter,6
1609459251588_42,Dec,winter,19
1609478839315_69,Jan,winter,0
1609712300558_97,Jan,winter,17
1609440618557_43,Dec,winter,13
1609648502195_50,Jan,winter,23
1609449007158_13,Dec,winter,16
1609467243198_80,Dec,winter,21
1609587069376_37,Jan,winter,6
1609434662560_67,Dec,winter,24
1609639776905_19,Jan,winter,21
1609670162974_80,Jan,winter,5
1609463933611_91,Dec,winter,20
1609492921654_9,Jan,winter,4
1610068616911_65,Jan,winter,20
1609996556318_99,Jan,winter,0
1609580211779_58,Jan,winter,4
1609463653737_4,Dec,winter,20
1609452087461_5,Dec,winter,17
1609469702952_76,Dec,winter,21
1609424647332_88,Dec,winter,9
1609463261368_41,Dec,winter,20
1609477323746_18,Jan,winter,0
1609477278176_96,Jan,winter,0
1609651564760_90,Jan,winter,0
1609547107344_71,Jan,winter,19
1609477073581_94,Dec,winter,23
1609477776146_41,Jan,winter,0
